Date,Close,Open,High,Low,Volume,,,,,,,,
01/04/2021, $43.31 , $43.98 , $44.31 , $42.15 ,"16,364,904",,,,,,,,
05/04/2021, $41.64 , $42.75 , $43.40 , $40.79 ,"22,810,790",,,,,,,,
06/04/2021, $43.38 , $41.56 , $44.34 , $41.56 ,"23,200,401",,,,,,,,
07/04/2021, $43.39 , $44.67 , $45.47 , $42.50 ,"15,198,399",,,,,,,,
08/04/2021, $41.88 , $43.21 , $43.62 , $41.38 ,"14,780,462",,,,,,,,
09/04/2021, $42.00 , $41.65 , $42.59 , $41.25 ,"14,390,398",,,,,,,,
12/04/2021, $40.38 , $41.89 , $42.48 , $40.32 ,"10,108,826",,,,,,,,
13/04/2021, $40.38 , $40.17 , $41.32 , $39.69 ,"10,200,453",,,,,,,,
14/04/2021, $38.38 , $39.00 , $40.11 , $38.06 ,"35,615,946",,,,,,,,
15/04/2021, $37.82 , $38.79 , $38.95 , $37.27 ,"15,764,027",,,,,,,,
16/04/2021, $37.34 , $37.95 , $38.27 , $37.11 ,"15,955,499",,,,,,,,
19/04/2021, $36.37 , $37.44 , $37.62 , $35.96 ,"15,280,240",,,,,,,,
20/04/2021, $35.47 , $36.54 , $36.55 , $35.28 ,"11,144,561",,,,,,,,
21/04/2021, $38.48 , $35.16 , $38.51 , $34.81 ,"21,090,622",,,,,,,,
22/04/2021, $38.21 , $38.68 , $39.17 , $37.57 ,"18,289,125",,,,,,,,
23/04/2021, $38.40 , $38.39 , $38.70 , $37.42 ,"10,104,026",,,,,,,,
26/04/2021, $38.85 , $38.50 , $39.03 , $37.35 ,"10,454,922",,,,,,,,
27/04/2021, $39.01 , $38.63 , $39.55 , $38.40 ,"7,560,211",,,,,,,,
28/04/2021, $37.49 , $35.96 , $37.78 , $35.56 ,"16,863,554",,,,,,,,
29/04/2021, $37.95 , $38.46 , $38.67 , $37.15 ,"12,812,474",,,,,,,,
30/04/2021, $37.66 , $37.96 , $38.80 , $37.53 ,"5,914,050",,,,,,,,
03/05/2021, $36.12 , $37.36 , $37.53 , $35.65 ,"13,788,768",,,,,,,,
04/05/2021, $36.52 , $36.09 , $36.58 , $35.30 ,"7,026,156",,,,,,,,
05/05/2021, $36.66 , $36.47 , $36.88 , $35.96 ,"5,173,529",,,,,,,,
06/05/2021, $36.25 , $37.08 , $37.39 , $35.83 ,"6,745,680",,,,,,,,
07/05/2021, $37.56 , $36.48 , $37.73 , $36.10 ,"8,232,037",,,,,,,,
10/05/2021, $37.26 , $37.70 , $38.07 , $37.08 ,"6,194,008",,,,,,,,
11/05/2021, $36.79 , $36.29 , $37.35 , $35.97 ,"5,517,137",,,,,,,,
12/05/2021, $35.76 , $36.77 , $37.41 , $35.69 ,"5,041,043",,,,,,,,
13/05/2021, $35.23 , $35.88 , $36.83 , $34.64 ,"8,194,573",,,,,,,,
14/05/2021, $35.65 , $35.61 , $36.04 , $35.02 ,"4,715,907",,,,,,,,
17/05/2021, $33.85 , $39.24 , $39.70 , $33.43 ,"89,513,247",,,,,,,,
18/05/2021, $33.31 , $33.76 , $34.52 , $32.44 ,"31,351,552",,,,,,,,
19/05/2021, $33.11 , $32.68 , $33.60 , $32.54 ,"18,898,394",,,,,,,,
20/05/2021, $31.85 , $33.34 , $33.51 , $31.75 ,"19,397,040",,,,,,,,
21/05/2021, $31.47 , $31.99 , $32.35 , $31.36 ,"17,539,925",,,,,,,,
24/05/2021, $31.28 , $31.32 , $31.82 , $30.61 ,"12,265,879",,,,,,,,
25/05/2021, $30.66 , $31.56 , $31.72 , $30.56 ,"10,209,207",,,,,,,,
26/05/2021, $31.82 , $30.71 , $32.05 , $30.70 ,"11,316,436",,,,,,,,
27/05/2021, $32.52 , $31.80 , $32.76 , $31.51 ,"9,663,929",,,,,,,,
28/05/2021, $32.11 , $32.55 , $32.69 , $32.02 ,"8,168,042",,,,,,,,
01/06/2021, $32.00 , $32.28 , $32.45 , $31.88 ,"7,727,303",,,,,,,,
02/06/2021, $32.15 , $32.29 , $32.57 , $31.36 ,"8,556,597",,,,,,,,
03/06/2021, $31.63 , $32.09 , $32.40 , $31.31 ,"6,681,627",,,,,,,,
04/06/2021, $31.55 , $31.75 , $31.90 , $31.17 ,"5,115,434",,,,,,,,
07/06/2021, $31.24 , $31.67 , $31.98 , $31.16 ,"5,046,410",,,,,,,,
08/06/2021, $30.04 , $31.22 , $31.31 , $29.94 ,"12,160,227",,,,,,,,
09/06/2021, $30.56 , $30.09 , $31.00 , $30.01 ,"6,625,695",,,,,,,,
10/06/2021, $30.14 , $30.67 , $30.85 , $29.97 ,"7,832,736",,,,,,,,
11/06/2021, $30.79 , $30.40 , $30.81 , $30.24 ,"5,280,078",,,,,,,,
14/06/2021, $30.82 , $30.96 , $31.48 , $30.66 ,"5,177,876",,,,,,,,
15/06/2021, $30.07 , $30.82 , $31.53 , $30.05 ,"6,912,577",,,,,,,,
16/06/2021, $30.46 , $30.02 , $30.59 , $29.54 ,"7,134,194",,,,,,,,
17/06/2021, $29.41 , $30.32 , $30.49 , $29.34 ,"7,728,995",,,,,,,,
18/06/2021, $29.08 , $29.26 , $29.50 , $28.89 ,"10,228,824",,,,,,,,
21/06/2021, $29.69 , $29.15 , $29.73 , $29.01 ,"7,984,605",,,,,,,,
22/06/2021, $29.49 , $29.69 , $29.70 , $29.02 ,"6,575,488",,,,,,,,
23/06/2021, $29.51 , $29.34 , $30.07 , $29.34 ,"9,244,431",,,,,,,,
24/06/2021, $30.32 , $29.64 , $30.36 , $29.46 ,"6,667,560",,,,,,,,
25/06/2021, $30.86 , $30.35 , $30.98 , $30.11 ,"6,852,219",,,,,,,,
28/06/2021, $30.57 , $30.96 , $31.31 , $30.33 ,"5,635,457",,,,,,,,
29/06/2021, $30.34 , $30.69 , $30.86 , $30.19 ,"3,951,475",,,,,,,,
30/06/2021, $30.68 , $30.41 , $30.79 , $29.94 ,"5,656,527",,,,,,,,
01/07/2021, $31.20 , $30.73 , $31.88 , $30.55 ,"7,054,056",,,,,,,,
02/07/2021, $31.14 , $31.03 , $31.67 , $30.80 ,"4,329,334",,,,,,,,
06/07/2021, $30.34 , $31.17 , $31.17 , $30.03 ,"4,471,712",,,,,,,,
07/07/2021, $29.56 , $30.18 , $30.35 , $29.46 ,"5,171,463",,,,,,,,
08/07/2021, $28.78 , $29.00 , $29.25 , $28.28 ,"6,978,661",,,,,,,,
09/07/2021, $29.30 , $29.20 , $29.48 , $28.87 ,"4,001,770",,,,,,,,
12/07/2021, $29.65 , $29.23 , $29.72 , $28.86 ,"3,267,342",,,,,,,,
13/07/2021, $29.10 , $29.43 , $29.73 , $28.95 ,"6,415,819",,,,,,,,
14/07/2021, $28.74 , $29.21 , $29.33 , $28.55 ,"5,499,985",,,,,,,,
15/07/2021, $28.46 , $28.60 , $29.16 , $28.34 ,"5,218,699",,,,,,,,
16/07/2021, $28.18 , $28.54 , $29.08 , $28.05 ,"6,284,277",,,,,,,,
19/07/2021, $27.82 , $27.77 , $28.21 , $27.08 ,"7,095,524",,,,,,,,
20/07/2021, $28.13 , $27.88 , $28.22 , $27.52 ,"3,534,355",,,,,,,,
21/07/2021, $28.79 , $28.21 , $29.05 , $28.21 ,"4,030,593",,,,,,,,
22/07/2021, $28.48 , $28.85 , $28.93 , $27.87 ,"4,515,387",,,,,,,,
23/07/2021, $28.47 , $28.63 , $28.68 , $27.86 ,"3,030,317",,,,,,,,
26/07/2021, $29.34 , $28.43 , $31.40 , $28.35 ,"16,584,178",,,,,,,,
27/07/2021, $28.83 , $29.02 , $29.58 , $28.75 ,"6,553,034",,,,,,,,
28/07/2021, $29.39 , $28.90 , $29.93 , $27.34 ,"15,471,841",,,,,,,,
29/07/2021, $30.18 , $29.40 , $31.00 , $29.32 ,"9,315,964",,,,,,,,
30/07/2021, $29.01 , $29.92 , $30.16 , $28.89 ,"4,100,922",,,,,,,,
02/08/2021, $29.09 , $29.23 , $29.59 , $28.93 ,"4,114,872",,,,,,,,
03/08/2021, $27.87 , $29.18 , $29.28 , $26.85 ,"13,105,333",,,,,,,,
04/08/2021, $28.34 , $27.81 , $28.58 , $27.43 ,"6,219,505",,,,,,,,
05/08/2021, $29.20 , $28.43 , $29.40 , $28.28 ,"4,563,351",,,,,,,,
06/08/2021, $29.04 , $29.24 , $29.72 , $28.87 ,"6,595,462",,,,,,,,
09/08/2021, $29.23 , $29.03 , $29.31 , $28.77 ,"2,507,406",,,,,,,,
10/08/2021, $29.44 , $29.13 , $29.50 , $28.82 ,"4,487,300",,,,,,,,
11/08/2021, $29.45 , $29.44 , $29.61 , $29.05 ,"2,966,390",,,,,,,,
12/08/2021, $28.90 , $29.62 , $29.73 , $28.71 ,"3,950,453",,,,,,,,
13/08/2021, $28.42 , $29.11 , $29.21 , $28.36 ,"3,278,617",,,,,,,,
16/08/2021, $28.34 , $28.26 , $28.73 , $27.80 ,"5,022,391",,,,,,,,
17/08/2021, $28.61 , $28.00 , $28.67 , $27.80 ,"3,813,003",,,,,,,,
18/08/2021, $28.45 , $28.72 , $29.23 , $28.41 ,"4,637,289",,,,,,,,
19/08/2021, $27.74 , $28.41 , $28.43 , $27.69 ,"5,425,030",,,,,,,,
20/08/2021, $28.07 , $27.66 , $28.13 , $27.38 ,"4,089,296",,,,,,,,
23/08/2021, $28.44 , $28.31 , $28.69 , $28.05 ,"3,286,695",,,,,,,,
24/08/2021, $28.70 , $28.48 , $28.96 , $28.45 ,"3,403,774",,,,,,,,
25/08/2021, $28.74 , $28.71 , $29.08 , $28.45 ,"2,704,122",,,,,,,,
26/08/2021, $27.89 , $28.92 , $28.93 , $27.77 ,"4,019,892",,,,,,,,
27/08/2021, $28.28 , $27.90 , $28.38 , $27.66 ,"4,009,473",,,,,,,,
30/08/2021, $27.85 , $28.48 , $28.48 , $27.69 ,"3,084,878",,,,,,,,
31/08/2021, $28.84 , $27.80 , $28.97 , $27.79 ,"5,288,949",,,,,,,,
01/09/2021, $28.43 , $28.82 , $28.92 , $28.29 ,"3,271,489",,,,,,,,
02/09/2021, $28.94 , $28.52 , $29.04 , $28.38 ,"3,623,166",,,,,,,,
03/09/2021, $28.31 , $28.95 , $28.95 , $28.16 ,"3,655,603",,,,,,,,
07/09/2021, $27.96 , $28.31 , $28.74 , $27.93 ,"3,302,478",,,,,,,,
08/09/2021, $26.98 , $27.96 , $28.24 , $26.94 ,"5,693,652",,,,,,,,
09/09/2021, $26.79 , $26.91 , $27.22 , $26.61 ,"4,921,616",,,,,,,,
10/09/2021, $26.15 , $26.78 , $26.89 , $26.11 ,"6,613,798",,,,,,,,
13/09/2021, $27.06 , $26.35 , $27.12 , $26.18 ,"5,440,004",,,,,,,,
14/09/2021, $26.26 , $27.10 , $27.10 , $25.79 ,"9,715,664",,,,,,,,
15/09/2021, $26.81 , $26.33 , $27.05 , $26.11 ,"7,610,271",,,,,,,,
16/09/2021, $26.99 , $26.74 , $27.20 , $26.55 ,"4,933,486",,,,,,,,
17/09/2021, $26.88 , $27.00 , $27.41 , $26.77 ,"7,577,025",,,,,,,,
20/09/2021, $26.01 , $26.42 , $26.44 , $25.55 ,"8,634,511",,,,,,,,
21/09/2021, $25.15 , $26.18 , $26.45 , $24.98 ,"8,906,631",,,,,,,,
22/09/2021, $25.44 , $25.37 , $26.13 , $25.36 ,"6,458,010",,,,,,,,
23/09/2021, $25.53 , $25.49 , $26.05 , $25.49 ,"4,136,803",,,,,,,,
24/09/2021, $25.30 , $25.52 , $25.68 , $25.20 ,"5,638,864",,,,,,,,
27/09/2021, $26.14 , $25.36 , $26.52 , $25.34 ,"5,156,033",,,,,,,,
28/09/2021, $25.60 , $26.05 , $26.47 , $25.55 ,"3,798,489",,,,,,,,
29/09/2021, $25.42 , $25.69 , $25.87 , $25.37 ,"3,560,422",,,,,,,,
30/09/2021, $25.38 , $25.48 , $25.57 , $24.86 ,"5,331,323",,,,,,,,
01/10/2021, $25.74 , $25.53 , $26.01 , $25.33 ,"3,614,637",,,,,,,,
04/10/2021, $25.61 , $25.66 , $25.83 , $25.33 ,"6,528,198",,,,,,,,
05/10/2021, $26.15 , $25.67 , $26.38 , $25.41 ,"5,991,710",,,,,,,,
06/10/2021, $25.88 , $25.77 , $25.91 , $25.07 ,"7,528,970",,,,,,,,
07/10/2021, $26.46 , $26.10 , $26.81 , $25.94 ,"6,745,969",,,,,,,,
08/10/2021, $25.89 , $26.66 , $26.99 , $25.86 ,"3,591,498",,,,,,,,
11/10/2021, $25.17 , $26.02 , $26.10 , $25.17 ,"4,413,009",,,,,,,,
12/10/2021, $24.58 , $25.18 , $25.47 , $24.48 ,"7,419,140",,,,,,,,
13/10/2021, $25.50 , $24.82 , $25.54 , $24.67 ,"7,150,222",,,,,,,,
14/10/2021, $25.26 , $25.55 , $25.74 , $25.11 ,"4,031,233",,,,,,,,
15/10/2021, $24.83 , $25.48 , $25.60 , $24.77 ,"5,419,825",,,,,,,,
18/10/2021, $24.67 , $24.74 , $25.21 , $24.44 ,"5,113,307",,,,,,,,
19/10/2021, $24.90 , $24.99 , $25.21 , $24.64 ,"6,307,013",,,,,,,,
20/10/2021, $25.33 , $24.77 , $25.70 , $24.74 ,"5,875,494",,,,,,,,
21/10/2021, $25.00 , $25.37 , $25.97 , $24.74 ,"6,041,002",,,,,,,,
22/10/2021, $25.10 , $25.08 , $25.27 , $24.75 ,"3,904,240",,,,,,,,
25/10/2021, $25.29 , $25.10 , $25.56 , $25.03 ,"5,062,451",,,,,,,,
26/10/2021, $24.64 , $25.50 , $25.54 , $24.54 ,"5,858,161",,,,,,,,
27/10/2021, $23.60 , $24.74 , $24.76 , $23.59 ,"7,348,564",,,,,,,,
28/10/2021, $24.31 , $23.57 , $24.34 , $23.52 ,"4,666,217",,,,,,,,
29/10/2021, $23.44 , $24.15 , $24.25 , $23.40 ,"5,842,686",,,,,,,,
01/11/2021, $24.42 , $23.70 , $24.70 , $23.56 ,"6,912,175",,,,,,,,
02/11/2021, $24.55 , $24.42 , $24.80 , $23.85 ,"10,507,945",,,,,,,,
03/11/2021, $25.60 , $24.40 , $25.78 , $23.76 ,"11,278,373",,,,,,,,
04/11/2021, $25.46 , $25.66 , $25.84 , $24.97 ,"6,681,269",,,,,,,,
05/11/2021, $26.52 , $25.64 , $26.60 , $25.41 ,"6,209,524",,,,,,,,
08/11/2021, $26.28 , $26.83 , $26.99 , $26.21 ,"6,800,716",,,,,,,,
09/11/2021, $26.65 , $26.50 , $26.78 , $25.98 ,"4,307,398",,,,,,,,
10/11/2021, $27.36 , $26.65 , $28.06 , $26.52 ,"7,739,638",,,,,,,,
11/11/2021, $28.23 , $27.16 , $28.98 , $26.75 ,"12,304,451",,,,,,,,
12/11/2021, $27.91 , $28.16 , $28.70 , $27.87 ,"5,414,856",,,,,,,,
15/11/2021, $28.02 , $28.00 , $28.88 , $27.88 ,"4,125,335",,,,,,,,
16/11/2021, $27.73 , $27.99 , $28.02 , $27.50 ,"4,827,688",,,,,,,,
17/11/2021, $27.59 , $27.61 , $27.85 , $27.21 ,"4,515,720",,,,,,,,
18/11/2021, $26.85 , $27.56 , $27.60 , $26.51 ,"5,129,426",,,,,,,,
19/11/2021, $25.26 , $26.77 , $26.82 , $24.83 ,"11,189,140",,,,,,,,
22/11/2021, $25.71 , $25.30 , $25.93 , $24.66 ,"5,608,126",,,,,,,,
23/11/2021, $25.60 , $25.75 , $26.16 , $25.17 ,"6,240,613",,,,,,,,
24/11/2021, $25.17 , $25.53 , $25.56 , $25.07 ,"3,788,908",,,,,,,,
26/11/2021, $24.72 , $24.46 , $24.82 , $24.14 ,"3,407,027",,,,,,,,
29/11/2021, $24.59 , $24.95 , $25.05 , $24.01 ,"5,147,636",,,,,,,,
30/11/2021, $23.27 , $24.30 , $24.34 , $22.67 ,"11,473,667",,,,,,,,
01/12/2021, $22.26 , $23.60 , $23.93 , $22.20 ,"10,509,989",,,,,,,,
02/12/2021, $23.25 , $22.44 , $23.39 , $22.31 ,"8,921,195",,,,,,,,
03/12/2021, $23.99 , $23.05 , $24.03 , $23.04 ,"9,162,743",,,,,,,,
06/12/2021, $24.40 , $24.43 , $24.91 , $23.77 ,"6,635,839",,,,,,,,
07/12/2021, $24.22 , $24.77 , $25.27 , $24.16 ,"5,901,104",,,,,,,,
08/12/2021, $24.03 , $24.39 , $24.89 , $23.97 ,"4,949,057",,,,,,,,
09/12/2021, $23.58 , $23.80 , $23.93 , $23.05 ,"7,219,090",,,,,,,,
10/12/2021, $23.29 , $23.88 , $23.92 , $23.11 ,"4,791,823",,,,,,,,
13/12/2021, $22.75 , $22.99 , $23.25 , $22.57 ,"4,327,789",,,,,,,,
14/12/2021, $22.51 , $22.65 , $23.07 , $22.45 ,"8,522,946",,,,,,,,
15/12/2021, $22.57 , $22.41 , $22.67 , $21.66 ,"5,858,860",,,,,,,,
16/12/2021, $23.41 , $22.85 , $23.55 , $22.72 ,"6,682,034",,,,,,,,
17/12/2021, $23.28 , $23.50 , $23.61 , $22.59 ,"7,177,807",,,,,,,,
20/12/2021, $22.89 , $22.86 , $23.33 , $22.45 ,"6,087,273",,,,,,,,
21/12/2021, $23.53 , $22.98 , $23.96 , $22.85 ,"5,283,359",,,,,,,,
22/12/2021, $23.63 , $23.47 , $24.00 , $23.06 ,"5,086,437",,,,,,,,
23/12/2021, $24.42 , $23.78 , $24.64 , $23.72 ,"4,741,943",,,,,,,,
27/12/2021, $24.36 , $24.44 , $24.67 , $23.96 ,"3,340,629",,,,,,,,
28/12/2021, $24.33 , $24.27 , $24.89 , $24.13 ,"3,572,638",,,,,,,,
29/12/2021, $23.87 , $24.28 , $24.66 , $23.75 ,"4,990,776",,,,,,,,
30/12/2021, $24.45 , $23.86 , $24.91 , $23.77 ,"6,283,588",,,,,,,,
31/12/2021, $23.54 , $24.39 , $24.60 , $23.52 ,"6,716,132",,,,,,,,
03/01/2022, $25.33 , $23.90 , $25.80 , $23.84 ,"10,231,647",,,,,,,,
04/01/2022, $26.75 , $25.77 , $27.16 , $25.64 ,"12,073,972",,,,,,,,
05/01/2022, $26.45 , $27.13 , $27.97 , $26.38 ,"12,532,199",,,,,,,,
06/01/2022, $25.72 , $26.59 , $26.82 , $25.62 ,"7,197,385",,,,,,,,
07/01/2022, $30.06 , $27.65 , $31.18 , $27.26 ,"42,891,858",,,,,,,,
10/01/2022, $28.59 , $30.17 , $30.39 , $28.27 ,"12,117,028",,,,,,,,
11/01/2022, $28.68 , $28.90 , $29.30 , $28.03 ,"7,014,324",,,,,,,,
12/01/2022, $28.79 , $28.50 , $29.22 , $28.28 ,"5,045,192",,,,,,,,
13/01/2022, $29.34 , $28.86 , $30.02 , $28.44 ,"9,016,051",,,,,,,,
14/01/2022, $31.18 , $28.94 , $31.28 , $28.94 ,"12,183,431",,,,,,,,
18/01/2022, $29.64 , $30.95 , $31.55 , $29.37 ,"8,683,830",,,,,,,,
19/01/2022, $28.58 , $29.88 , $30.07 , $28.28 ,"7,233,959",,,,,,,,
20/01/2022, $27.49 , $28.87 , $29.06 , $27.29 ,"10,880,837",,,,,,,,
21/01/2022, $26.19 , $26.83 , $27.13 , $25.94 ,"10,403,843",,,,,,,,
24/01/2022, $26.88 , $25.27 , $26.95 , $25.22 ,"9,191,995",,,,,,,,
25/01/2022, $26.86 , $26.37 , $27.09 , $25.84 ,"6,800,690",,,,,,,,
26/01/2022, $24.40 , $27.05 , $27.40 , $24.18 ,"18,137,149",,,,,,,,
27/01/2022, $25.24 , $24.76 , $25.30 , $24.39 ,"10,094,399",,,,,,,,
28/01/2022, $27.15 , $25.06 , $27.16 , $24.90 ,"9,601,614",,,,,,,,
31/01/2022, $27.91 , $27.12 , $28.43 , $26.16 ,"7,309,286",,,,,,,,
01/02/2022, $27.17 , $25.99 , $28.94 , $25.90 ,"25,754,454",,,,,,,,
02/02/2022, $27.69 , $27.05 , $28.37 , $26.38 ,"11,157,732",,,,,,,,
03/02/2022, $28.93 , $27.43 , $29.35 , $27.32 ,"12,439,056",,,,,,,,
04/02/2022, $28.90 , $29.02 , $29.43 , $28.26 ,"6,722,980",,,,,,,,
07/02/2022, $28.34 , $29.07 , $29.36 , $28.24 ,"6,619,476",,,,,,,,
08/02/2022, $28.21 , $28.45 , $28.90 , $28.04 ,"5,391,860",,,,,,,,
09/02/2022, $29.84 , $28.49 , $30.06 , $27.96 ,"10,942,047",,,,,,,,
10/02/2022, $30.09 , $29.84 , $31.12 , $29.57 ,"7,517,561",,,,,,,,
11/02/2022, $29.57 , $30.01 , $30.65 , $29.44 ,"6,591,422",,,,,,,,
14/02/2022, $29.42 , $29.60 , $30.26 , $29.35 ,"4,115,750",,,,,,,,
15/02/2022, $30.51 , $29.85 , $30.57 , $29.44 ,"4,068,377",,,,,,,,
16/02/2022, $29.38 , $29.54 , $29.66 , $28.12 ,"13,121,824",,,,,,,,
17/02/2022, $29.87 , $28.93 , $30.11 , $28.83 ,"7,169,213",,,,,,,,
18/02/2022, $29.86 , $29.91 , $30.74 , $29.60 ,"6,932,081",,,,,,,,
22/02/2022, $28.28 , $29.51 , $30.21 , $28.09 ,"10,721,287",,,,,,,,
23/02/2022, $28.21 , $28.34 , $29.25 , $28.07 ,"8,400,471",,,,,,,,
24/02/2022, $27.73 , $26.25 , $27.80 , $25.34 ,"16,236,876",,,,,,,,
25/02/2022, $28.24 , $27.65 , $28.88 , $26.61 ,"9,585,565",,,,,,,,
28/02/2022, $28.05 , $27.49 , $28.53 , $27.33 ,"8,296,436",,,,,,,,
01/03/2022, $28.11 , $28.09 , $28.47 , $27.23 ,"7,663,054",,,,,,,,
02/03/2022, $29.24 , $28.12 , $29.60 , $28.12 ,"7,679,566",,,,,,,,
03/03/2022, $28.68 , $29.27 , $29.62 , $27.97 ,"6,199,327",,,,,,,,
04/03/2022, $26.89 , $28.52 , $28.54 , $26.50 ,"12,200,651",,,,,,,,
07/03/2022, $25.55 , $26.61 , $26.94 , $25.49 ,"10,290,400",,,,,,,,
08/03/2022, $25.27 , $25.69 , $26.22 , $25.16 ,"9,388,143",,,,,,,,
09/03/2022, $25.37 , $26.00 , $26.60 , $25.33 ,"5,845,595",,,,,,,,
10/03/2022, $25.08 , $25.18 , $25.44 , $24.47 ,"9,331,947",,,,,,,,
11/03/2022, $23.99 , $25.36 , $25.51 , $23.93 ,"11,207,097",,,,,,,,
14/03/2022, $23.88 , $24.00 , $24.96 , $23.70 ,"10,106,407",,,,,,,,
15/03/2022, $25.02 , $24.12 , $25.34 , $23.91 ,"7,460,930",,,,,,,,
16/03/2022, $25.64 , $25.46 , $26.08 , $25.08 ,"6,529,376",,,,,,,,
17/03/2022, $25.71 , $25.34 , $25.72 , $25.01 ,"4,472,044",,,,,,,,
18/03/2022, $26.26 , $25.54 , $26.35 , $25.35 ,"6,938,030",,,,,,,,
21/03/2022, $26.15 , $26.16 , $26.90 , $25.77 ,"4,775,946",,,,,,,,
22/03/2022, $26.87 , $26.37 , $27.19 , $26.23 ,"5,166,528",,,,,,,,
23/03/2022, $26.62 , $26.67 , $27.66 , $26.56 ,"4,822,698",,,,,,,,
24/03/2022, $27.12 , $26.61 , $27.17 , $26.48 ,"5,121,414",,,,,,,,
25/03/2022, $27.35 , $27.12 , $27.63 , $26.95 ,"3,533,949",,,,,,,,
28/03/2022, $25.58 , $27.32 , $27.35 , $25.13 ,"11,002,915",,,,,,,,
29/03/2022, $26.25 , $25.94 , $26.42 , $25.57 ,"5,306,865",,,,,,,,
30/03/2022, $25.70 , $26.04 , $26.68 , $25.64 ,"4,790,474",,,,,,,,
31/03/2022, $24.92 , $25.57 , $25.62 , $24.85 ,"8,586,689",,,,,,,,
01/04/2022, $25.02 , $25.16 , $25.33 , $24.37 ,"7,750,906",,,,,,,,
04/04/2022, $25.80 , $25.16 , $26.00 , $24.37 ,"8,400,034",,,,,,,,
05/04/2022, $24.42 , $25.51 , $26.01 , $24.23 ,"11,427,096",,,,,,,,
06/04/2022, $23.92 , $24.39 , $24.39 , $23.34 ,"10,972,064",,,,,,,,
07/04/2022, $23.07 , $23.97 , $24.04 , $22.50 ,"16,798,759",,,,,,,,
08/04/2022, $24.43 , $23.07 , $24.52 , $22.78 ,"22,358,922",,,,,,,,
11/04/2022, $24.78 , $24.08 , $26.26 , $23.50 ,"70,016,221",,,,,,,,
12/04/2022, $24.68 , $24.37 , $25.33 , $23.75 ,"40,974,782",,,,,,,,
13/04/2022, $26.00 , $24.67 , $27.50 , $24.21 ,"65,233,873",,,,,,,,
14/04/2022, $24.88 , $25.89 , $26.58 , $24.76 ,"37,861,644",,,,,,,,
18/04/2022, $24.16 , $24.53 , $24.80 , $23.52 ,"29,145,522",,,,,,,,
19/04/2022, $24.49 , $23.66 , $24.68 , $23.50 ,"32,055,136",,,,,,,,
20/04/2022, $23.01 , $23.49 , $23.56 , $22.70 ,"41,515,898",,,,,,,,
21/04/2022, $21.45 , $22.65 , $23.23 , $20.92 ,"50,753,213",,,,,,,,
22/04/2022, $20.57 , $21.00 , $21.91 , $20.37 ,"23,510,050",,,,,,,,
25/04/2022, $21.50 , $20.06 , $21.94 , $19.95 ,"35,852,675",,,,,,,,
26/04/2022, $19.83 , $19.93 , $20.96 , $19.63 ,"33,742,459",,,,,,,,
27/04/2022, $18.83 , $19.86 , $19.95 , $18.20 ,"33,842,427",,,,,,,,
28/04/2022, $18.35 , $19.02 , $19.42 , $17.89 ,"23,049,807",,,,,,,,
29/04/2022, $18.15 , $18.36 , $19.20 , $18.09 ,"22,966,557",,,,,,,,
02/05/2022, $19.25 , $18.15 , $19.45 , $18.05 ,"26,110,504",,,,,,,,
03/05/2022, $19.27 , $18.98 , $19.68 , $18.68 ,"19,475,920",,,,,,,,
04/05/2022, $19.66 , $19.37 , $19.80 , $18.81 ,"17,002,226",,,,,,,,
05/05/2022, $18.88 , $19.39 , $20.08 , $18.50 ,"21,441,981",,,,,,,,
06/05/2022, $17.75 , $18.55 , $18.71 , $17.55 ,"22,653,555",,,,,,,,
09/05/2022, $17.10 , $17.29 , $17.84 , $16.86 ,"20,143,704",,,,,,,,
10/05/2022, $17.35 , $17.33 , $17.97 , $17.10 ,"18,456,538",,,,,,,,
11/05/2022, $16.62 , $17.24 , $17.84 , $16.59 ,"17,838,860",,,,,,,,
12/05/2022, $17.11 , $16.51 , $17.74 , $16.51 ,"22,105,748",,,,,,,,
13/05/2022, $18.10 , $17.18 , $18.25 , $17.17 ,"15,288,616",,,,,,,,
16/05/2022, $17.21 , $17.92 , $18.50 , $17.14 ,"16,687,004",,,,,,,,
17/05/2022, $18.36 , $17.69 , $18.36 , $17.58 ,"20,024,587",,,,,,,,
18/05/2022, $17.46 , $18.03 , $18.36 , $17.26 ,"19,495,863",,,,,,,,
19/05/2022, $17.50 , $17.35 , $17.87 , $17.27 ,"16,972,356",,,,,,,,
20/05/2022, $17.74 , $17.75 , $18.03 , $17.15 ,"19,152,601",,,,,,,,
23/05/2022, $18.29 , $18.00 , $18.38 , $17.45 ,"17,869,646",,,,,,,,
24/05/2022, $16.86 , $17.84 , $17.89 , $16.73 ,"23,189,552",,,,,,,,
25/05/2022, $17.23 , $16.91 , $17.36 , $16.75 ,"18,875,877",,,,,,,,
26/05/2022, $17.98 , $17.36 , $18.04 , $17.24 ,"14,440,176",,,,,,,,
27/05/2022, $18.76 , $18.01 , $18.76 , $18.00 ,"16,213,295",,,,,,,,
31/05/2022, $18.45 , $18.56 , $18.70 , $18.01 ,"33,259,622",,,,,,,,
01/06/2022, $17.66 , $18.49 , $18.74 , $17.51 ,"15,623,636",,,,,,,,
02/06/2022, $18.00 , $17.47 , $18.06 , $17.35 ,"13,592,698",,,,,,,,
03/06/2022, $17.50 , $17.82 , $17.90 , $17.18 ,"14,604,816",,,,,,,,
06/06/2022, $16.85 , $17.82 , $17.87 , $16.83 ,"21,860,690",,,,,,,,
07/06/2022, $17.17 , $16.56 , $17.17 , $16.33 ,"19,171,715",,,,,,,,
08/06/2022, $16.67 , $17.03 , $17.32 , $16.62 ,"16,512,061",,,,,,,,
09/06/2022, $15.63 , $16.50 , $16.56 , $15.61 ,"22,961,459",,,,,,,,
10/06/2022, $14.86 , $15.37 , $15.40 , $14.82 ,"25,444,596",,,,,,,,
13/06/2022, $14.03 , $14.44 , $14.48 , $13.72 ,"28,812,776",,,,,,,,
14/06/2022, $13.98 , $14.17 , $14.29 , $13.57 ,"22,936,552",,,,,,,,
15/06/2022, $14.85 , $14.09 , $15.13 , $14.05 ,"23,100,480",,,,,,,,
16/06/2022, $13.65 , $14.33 , $14.48 , $13.30 ,"26,389,795",,,,,,,,
17/06/2022, $14.22 , $13.95 , $14.50 , $13.50 ,"36,064,362",,,,,,,,
21/06/2022, $14.04 , $14.56 , $14.68 , $13.93 ,"19,574,316",,,,,,,,
22/06/2022, $13.97 , $13.76 , $14.30 , $13.76 ,"14,654,171",,,,,,,,
23/06/2022, $14.12 , $14.17 , $14.19 , $13.75 ,"14,424,982",,,,,,,,
24/06/2022, $14.28 , $14.25 , $14.61 , $14.20 ,"49,763,864",,,,,,,,
27/06/2022, $14.08 , $14.38 , $14.44 , $13.88 ,"19,434,588",,,,,,,,
28/06/2022, $13.66 , $14.11 , $14.68 , $13.57 ,"24,560,303",,,,,,,,
29/06/2022, $13.17 , $13.64 , $13.67 , $12.91 ,"29,669,011",,,,,,,,
30/06/2022, $13.42 , $13.12 , $13.67 , $12.77 ,"25,815,664",,,,,,,,
01/07/2022, $14.25 , $13.30 , $14.30 , $13.26 ,"23,453,587",,,,,,,,
05/07/2022, $14.44 , $13.95 , $14.49 , $13.48 ,"20,360,336",,,,,,,,
06/07/2022, $14.27 , $14.43 , $14.64 , $14.12 ,"20,632,535",,,,,,,,
07/07/2022, $14.52 , $14.31 , $14.70 , $14.20 ,"15,169,495",,,,,,,,
08/07/2022, $13.99 , $14.32 , $14.51 , $13.97 ,"16,060,108",,,,,,,,
11/07/2022, $13.66 , $13.80 , $13.92 , $13.55 ,"15,865,038",,,,,,,,
12/07/2022, $13.95 , $13.55 , $14.09 , $13.55 ,"12,235,747",,,,,,,,
13/07/2022, $14.18 , $13.76 , $14.33 , $13.43 ,"18,002,925",,,,,,,,
14/07/2022, $13.63 , $13.83 , $13.92 , $13.43 ,"25,315,522",,,,,,,,
15/07/2022, $13.96 , $13.82 , $13.99 , $13.60 ,"17,057,879",,,,,,,,
18/07/2022, $13.88 , $14.03 , $14.23 , $13.81 ,"16,229,534",,,,,,,,
19/07/2022, $14.25 , $14.00 , $14.33 , $13.96 ,"18,864,611",,,,,,,,
20/07/2022, $14.44 , $14.29 , $14.59 , $13.94 ,"18,892,277",,,,,,,,
21/07/2022, $14.51 , $14.33 , $14.52 , $14.14 ,"11,673,794",,,,,,,,
22/07/2022, $14.65 , $14.40 , $14.99 , $14.35 ,"19,650,795",,,,,,,,
25/07/2022, $14.66 , $14.65 , $14.84 , $14.34 ,"17,912,147",,,,,,,,
26/07/2022, $14.43 , $14.59 , $14.65 , $14.30 ,"12,215,507",,,,,,,,
27/07/2022, $15.15 , $14.56 , $15.28 , $14.49 ,"18,763,715",,,,,,,,
28/07/2022, $15.59 , $15.00 , $15.64 , $14.81 ,"18,480,392",,,,,,,,
29/07/2022, $15.00 , $15.35 , $15.40 , $14.72 ,"25,702,346",,,,,,,,
01/08/2022, $15.40 , $15.01 , $15.74 , $14.80 ,"22,244,192",,,,,,,,
02/08/2022, $16.00 , $15.43 , $16.46 , $15.30 ,"22,877,307",,,,,,,,
03/08/2022, $16.71 , $16.19 , $16.85 , $15.99 ,"21,595,782",,,,,,,,
04/08/2022, $17.48 , $16.51 , $17.65 , $16.51 ,"34,395,524",,,,,,,,
05/08/2022, $14.59 , $14.59 , $15.15 , $14.42 ,"67,899,746",,,,,,,,
08/08/2022, $14.02 , $14.70 , $14.72 , $13.92 ,"40,551,659",,,,,,,,
09/08/2022, $13.10 , $13.94 , $14.00 , $12.93 ,"43,116,053",,,,,,,,
10/08/2022, $13.10 , $13.36 , $13.58 , $13.07 ,"31,904,967",,,,,,,,
11/08/2022, $13.68 , $13.26 , $13.95 , $13.21 ,"28,750,269",,,,,,,,
12/08/2022, $13.68 , $13.85 , $13.86 , $13.36 ,"22,307,263",,,,,,,,
15/08/2022, $13.12 , $13.55 , $13.63 , $13.06 ,"34,209,839",,,,,,,,
16/08/2022, $13.69 , $13.07 , $13.88 , $12.82 ,"33,874,697",,,,,,,,
17/08/2022, $13.26 , $13.44 , $13.54 , $13.05 ,"23,289,492",,,,,,,,
18/08/2022, $13.19 , $13.16 , $13.22 , $12.86 ,"25,789,237",,,,,,,,
19/08/2022, $13.73 , $12.98 , $13.75 , $12.97 ,"24,631,687",,,,,,,,
22/08/2022, $12.71 , $13.48 , $13.53 , $12.69 ,"33,567,904",,,,,,,,
23/08/2022, $12.79 , $12.83 , $13.15 , $12.70 ,"23,719,254",,,,,,,,
24/08/2022, $13.52 , $12.84 , $13.59 , $12.79 ,"27,581,057",,,,,,,,
25/08/2022, $13.56 , $13.48 , $13.66 , $13.34 ,"21,340,957",,,,,,,,
26/08/2022, $13.16 , $13.56 , $14.02 , $13.13 ,"29,667,534",,,,,,,,
29/08/2022, $13.20 , $12.98 , $13.47 , $12.98 ,"18,506,381",,,,,,,,
30/08/2022, $13.29 , $13.36 , $13.57 , $13.05 ,"23,844,105",,,,,,,,
31/08/2022, $13.24 , $13.32 , $13.55 , $13.20 ,"24,097,586",,,,,,,,
01/09/2022, $13.19 , $13.02 , $13.22 , $12.77 ,"25,104,415",,,,,,,,
02/09/2022, $13.06 , $13.27 , $13.52 , $13.00 ,"20,909,579",,,,,,,,
06/09/2022, $12.63 , $13.11 , $13.11 , $12.49 ,"25,104,087",,,,,,,,
07/09/2022, $12.68 , $12.50 , $12.88 , $12.48 ,"15,815,986",,,,,,,,
08/09/2022, $12.54 , $12.54 , $12.69 , $12.23 ,"22,276,142",,,,,,,,
09/09/2022, $13.03 , $12.67 , $13.09 , $12.67 ,"22,564,952",,,,,,,,
12/09/2022, $13.31 , $13.18 , $13.53 , $13.10 ,"15,804,619",,,,,,,,
13/09/2022, $12.95 , $12.84 , $13.18 , $12.75 ,"20,761,353",,,,,,,,
14/09/2022, $12.71 , $12.95 , $12.98 , $12.32 ,"23,717,871",,,,,,,,
15/09/2022, $13.17 , $12.57 , $13.34 , $12.55 ,"22,447,835",,,,,,,,
16/09/2022, $12.74 , $13.04 , $13.12 , $12.63 ,"37,420,173",,,,,,,,
19/09/2022, $13.16 , $12.66 , $13.36 , $12.55 ,"23,871,624",,,,,,,,
20/09/2022, $13.21 , $13.06 , $13.24 , $12.83 ,"27,526,138",,,,,,,,
21/09/2022, $12.22 , $13.18 , $13.29 , $12.22 ,"25,806,136",,,,,,,,
22/09/2022, $12.01 , $12.24 , $12.38 , $11.88 ,"23,521,379",,,,,,,,
23/09/2022, $11.79 , $11.79 , $11.91 , $11.51 ,"25,087,531",,,,,,,,
26/09/2022, $11.41 , $11.69 , $12.05 , $11.39 ,"24,792,011",,,,,,,,
27/09/2022, $11.32 , $11.52 , $12.01 , $11.22 ,"22,208,249",,,,,,,,
28/09/2022, $11.79 , $11.28 , $11.87 , $11.20 ,"19,531,390",,,,,,,,
29/09/2022, $11.66 , $11.53 , $11.76 , $11.30 ,"20,033,721",,,,,,,,
30/09/2022, $11.50 , $11.71 , $12.02 , $11.48 ,"23,432,216",,,,,,,,
03/10/2022, $11.95 , $11.64 , $12.03 , $11.56 ,"17,827,200",,,,,,,,
04/10/2022, $12.36 , $12.08 , $12.55 , $12.04 ,"18,674,037",,,,,,,,
05/10/2022, $12.22 , $12.05 , $12.30 , $11.86 ,"13,677,314",,,,,,,,
06/10/2022, $12.49 , $12.20 , $12.54 , $12.07 ,"17,992,685",,,,,,,,
07/10/2022, $11.98 , $12.38 , $12.48 , $11.88 ,"14,331,224",,,,,,,,
10/10/2022, $12.02 , $12.04 , $12.23 , $11.81 ,"16,726,487",,,,,,,,
11/10/2022, $11.60 , $11.85 , $12.03 , $11.39 ,"25,356,064",,,,,,,,
12/10/2022, $11.66 , $11.48 , $11.85 , $11.33 ,"28,771,639",,,,,,,,
13/10/2022, $12.50 , $11.42 , $12.56 , $11.25 ,"29,973,161",,,,,,,,
14/10/2022, $12.43 , $12.55 , $12.84 , $12.40 ,"20,424,229",,,,,,,,
17/10/2022, $12.32 , $12.57 , $12.64 , $12.28 ,"21,358,094",,,,,,,,
18/10/2022, $12.88 , $12.62 , $13.04 , $12.55 ,"18,270,306",,,,,,,,
19/10/2022, $12.61 , $12.96 , $13.19 , $12.55 ,"19,640,276",,,,,,,,
20/10/2022, $12.92 , $12.66 , $13.22 , $12.45 ,"23,298,295",,,,,,,,
21/10/2022, $13.49 , $12.87 , $13.50 , $12.84 ,"21,454,512",,,,,,,,
24/10/2022, $13.18 , $13.46 , $13.59 , $13.02 ,"20,913,446",,,,,,,,
25/10/2022, $13.57 , $13.01 , $13.65 , $13.01 ,"22,539,751",,,,,,,,
26/10/2022, $13.00 , $13.47 , $13.66 , $12.83 ,"24,253,939",,,,,,,,
27/10/2022, $12.49 , $13.01 , $13.35 , $12.44 ,"23,608,534",,,,,,,,
28/10/2022, $12.95 , $12.50 , $12.97 , $12.37 ,"19,055,919",,,,,,,,
31/10/2022, $13.00 , $12.78 , $13.06 , $12.65 ,"21,383,706",,,,,,,,
01/11/2022, $13.35 , $13.25 , $13.83 , $13.25 ,"22,199,498",,,,,,,,
02/11/2022, $12.68 , $13.03 , $13.13 , $12.66 ,"32,132,481",,,,,,,,
03/11/2022, $11.97 , $12.36 , $12.40 , $11.64 ,"34,500,326",,,,,,,,
04/11/2022, $10.43 , $11.38 , $11.76 , $10.20 ,"60,325,063",,,,,,,,
07/11/2022, $10.27 , $10.46 , $10.56 , $9.97 ,"44,576,704",,,,,,,,
08/11/2022, $10.06 , $10.20 , $10.47 , $9.80 ,"36,236,035",,,,,,,,
09/11/2022, $9.84 , $9.86 , $9.91 , $9.52 ,"43,663,270",,,,,,,,
10/11/2022, $10.80 , $10.18 , $10.82 , $10.15 ,"37,006,999",,,,,,,,
11/11/2022, $11.84 , $10.82 , $12.36 , $10.61 ,"48,852,243",,,,,,,,
14/11/2022, $11.49 , $11.75 , $12.31 , $11.48 ,"24,372,301",,,,,,,,
15/11/2022, $11.33 , $11.84 , $12.20 , $11.18 ,"29,600,462",,,,,,,,
16/11/2022, $10.91 , $11.15 , $11.18 , $10.52 ,"26,336,944",,,,,,,,
17/11/2022, $10.96 , $10.70 , $11.17 , $10.60 ,"18,070,383",,,,,,,,
18/11/2022, $10.77 , $11.12 , $11.21 , $10.65 ,"14,638,780",,,,,,,,
21/11/2022, $10.56 , $10.70 , $10.78 , $10.50 ,"18,070,438",,,,,,,,
22/11/2022, $10.80 , $10.50 , $10.82 , $10.36 ,"13,273,793",,,,,,,,
23/11/2022, $11.34 , $10.72 , $11.41 , $10.72 ,"16,946,254",,,,,,,,
25/11/2022, $11.47 , $11.18 , $11.59 , $11.11 ,"10,129,364",,,,,,,,
28/11/2022, $10.92 , $11.27 , $11.53 , $10.91 ,"16,278,734",,,,,,,,
29/11/2022, $11.14 , $10.98 , $11.25 , $10.86 ,"16,626,091",,,,,,,,
30/11/2022, $11.40 , $11.06 , $11.52 , $10.93 ,"26,856,991",,,,,,,,
01/12/2022, $11.63 , $11.40 , $11.89 , $11.38 ,"21,848,611",,,,,,,,
02/12/2022, $11.55 , $11.57 , $11.65 , $11.37 ,"17,221,623",,,,,,,,
05/12/2022, $11.15 , $11.50 , $11.64 , $11.11 ,"15,244,389",,,,,,,,
06/12/2022, $10.61 , $11.31 , $11.49 , $10.57 ,"25,893,014",,,,,,,,
07/12/2022, $10.74 , $10.52 , $10.96 , $10.34 ,"19,258,178",,,,,,,,
08/12/2022, $10.76 , $10.78 , $11.00 , $10.67 ,"20,565,620",,,,,,,,
09/12/2022, $11.09 , $10.71 , $11.34 , $10.67 ,"29,007,295",,,,,,,,
12/12/2022, $11.27 , $11.00 , $11.40 , $10.96 ,"50,053,925",,,,,,,,
13/12/2022, $10.89 , $11.65 , $11.91 , $10.78 ,"29,922,774",,,,,,,,
14/12/2022, $10.98 , $10.80 , $11.23 , $10.77 ,"35,547,858",,,,,,,,
15/12/2022, $10.00 , $10.66 , $10.80 , $9.95 ,"47,972,787",,,,,,,,
16/12/2022, $9.91 , $9.97 , $10.10 , $9.60 ,"158,082,487",,,,,,,,
19/12/2022, $9.25 , $9.81 , $9.88 , $9.07 ,"42,430,472",,,,,,,,
20/12/2022, $9.03 , $9.18 , $9.56 , $8.89 ,"42,837,299",,,,,,,,
21/12/2022, $9.04 , $9.06 , $9.38 , $8.91 ,"25,650,715",,,,,,,,
22/12/2022, $9.23 , $9.00 , $9.24 , $8.82 ,"28,569,386",,,,,,,,
23/12/2022, $9.17 , $9.19 , $9.38 , $9.09 ,"19,035,141",,,,,,,,
27/12/2022, $9.23 , $9.06 , $9.27 , $8.85 ,"22,207,679",,,,,,,,
28/12/2022, $8.87 , $9.17 , $9.30 , $8.84 ,"22,506,060",,,,,,,,
29/12/2022, $9.43 , $9.01 , $9.57 , $8.94 ,"29,740,723",,,,,,,,
30/12/2022, $9.48 , $9.21 , $9.50 , $9.18 ,"22,808,748",,,,,,,,
03/01/2023, $9.54 , $9.65 , $9.94 , $9.49 ,"25,186,060",,,,,,,,
04/01/2023, $10.38 , $9.79 , $10.61 , $9.56 ,"34,435,937",,,,,,,,
05/01/2023, $10.86 , $10.38 , $11.05 , $10.12 ,"33,761,612",,,,,,,,
06/01/2023, $11.32 , $10.88 , $11.39 , $10.73 ,"29,842,641",,,,,,,,
09/01/2023, $11.61 , $11.39 , $11.71 , $11.23 ,"25,383,829",,,,,,,,
10/01/2023, $12.56 , $11.80 , $12.58 , $11.77 ,"43,263,534",,,,,,,,
11/01/2023, $12.60 , $12.88 , $12.95 , $12.38 ,"30,814,075",,,,,,,,
12/01/2023, $13.15 , $12.78 , $13.28 , $12.50 ,"28,005,774",,,,,,,,
13/01/2023, $13.14 , $12.96 , $13.16 , $12.91 ,"16,146,587",,,,,,,,
17/01/2023, $13.23 , $13.06 , $13.33 , $12.83 ,"18,142,563",,,,,,,,
18/01/2023, $12.59 , $13.23 , $13.25 , $12.49 ,"21,307,848",,,,,,,,
19/01/2023, $12.47 , $12.45 , $12.56 , $11.91 ,"20,111,349",,,,,,,,
20/01/2023, $13.02 , $12.54 , $13.04 , $12.36 ,"18,431,117",,,,,,,,
23/01/2023, $13.51 , $13.02 , $13.53 , $12.95 ,"21,618,201",,,,,,,,
24/01/2023, $13.38 , $13.37 , $13.60 , $13.24 ,"11,424,218",,,,,,,,
25/01/2023, $14.53 , $13.26 , $14.73 , $13.18 ,"44,313,505",,,,,,,,
26/01/2023, $15.00 , $14.72 , $15.19 , $14.42 ,"30,614,212",,,,,,,,
27/01/2023, $14.91 , $14.90 , $15.10 , $14.65 ,"21,010,478",,,,,,,,
30/01/2023, $14.38 , $14.59 , $14.73 , $14.22 ,"20,238,453",,,,,,,,
31/01/2023, $14.82 , $14.45 , $14.84 , $14.23 ,"23,524,576",,,,,,,,
01/02/2023, $15.36 , $14.72 , $15.47 , $14.67 ,"26,301,373",,,,,,,,
02/02/2023, $15.92 , $15.52 , $16.05 , $15.44 ,"25,213,353",,,,,,,,
03/02/2023, $15.42 , $15.56 , $15.86 , $15.26 ,"20,698,439",,,,,,,,
06/02/2023, $15.40 , $15.20 , $15.46 , $15.00 ,"16,768,964",,,,,,,,
07/02/2023, $15.33 , $15.35 , $15.42 , $14.79 ,"12,936,246",,,,,,,,
08/02/2023, $14.56 , $15.26 , $15.26 , $14.53 ,"15,044,739",,,,,,,,
09/02/2023, $14.37 , $14.78 , $14.96 , $14.24 ,"17,022,995",,,,,,,,
10/02/2023, $14.22 , $14.18 , $14.38 , $14.02 ,"11,847,870",,,,,,,,
13/02/2023, $14.92 , $14.31 , $15.08 , $14.11 ,"19,340,352",,,,,,,,
14/02/2023, $14.73 , $14.72 , $15.04 , $14.43 ,"11,173,172",,,,,,,,
15/02/2023, $15.35 , $14.57 , $15.37 , $14.41 ,"16,757,569",,,,,,,,
16/02/2023, $15.31 , $14.96 , $15.63 , $14.82 ,"23,020,809",,,,,,,,
17/02/2023, $15.43 , $15.24 , $15.53 , $15.06 ,"15,552,469",,,,,,,,
21/02/2023, $14.75 , $15.11 , $15.23 , $14.72 ,"17,783,478",,,,,,,,
22/02/2023, $15.42 , $14.68 , $15.52 , $14.68 ,"20,901,337",,,,,,,,
23/02/2023, $15.73 , $15.43 , $15.79 , $15.29 ,"27,591,370",,,,,,,,
24/02/2023, $15.55 , $15.31 , $16.24 , $15.15 ,"38,611,599",,,,,,,,
27/02/2023, $15.94 , $15.55 , $16.34 , $15.55 ,"20,752,387",,,,,,,,
28/02/2023, $15.62 , $15.86 , $16.32 , $15.46 ,"22,523,223",,,,,,,,
01/03/2023, $15.02 , $15.59 , $15.66 , $15.00 ,"13,922,767",,,,,,,,
02/03/2023, $15.24 , $14.93 , $15.28 , $14.76 ,"13,335,367",,,,,,,,
03/03/2023, $15.47 , $15.35 , $15.58 , $15.27 ,"16,506,176",,,,,,,,
06/03/2023, $15.13 , $15.65 , $15.85 , $15.12 ,"11,534,633",,,,,,,,
07/03/2023, $14.82 , $15.08 , $15.27 , $14.77 ,"11,413,176",,,,,,,,
08/03/2023, $15.34 , $14.87 , $15.38 , $14.75 ,"12,817,074",,,,,,,,
09/03/2023, $14.77 , $15.22 , $15.40 , $14.57 ,"19,336,986",,,,,,,,
10/03/2023, $14.35 , $14.66 , $14.75 , $14.14 ,"16,213,646",,,,,,,,
13/03/2023, $14.02 , $14.03 , $14.35 , $13.47 ,"23,224,817",,,,,,,,
14/03/2023, $14.05 , $14.19 , $14.32 , $13.78 ,"20,094,541",,,,,,,,
15/03/2023, $13.57 , $13.69 , $13.85 , $13.40 ,"17,601,488",,,,,,,,
16/03/2023, $14.16 , $13.45 , $14.23 , $13.39 ,"13,757,233",,,,,,,,
17/03/2023, $14.34 , $14.76 , $14.89 , $14.20 ,"32,003,231",,,,,,,,
20/03/2023, $14.24 , $14.26 , $14.54 , $14.11 ,"16,431,873",,,,,,,,
21/03/2023, $15.09 , $14.48 , $15.14 , $14.41 ,"17,627,862",,,,,,,,
22/03/2023, $14.51 , $15.13 , $15.27 , $14.48 ,"13,584,273",,,,,,,,
23/03/2023, $14.53 , $14.67 , $15.00 , $14.24 ,"11,041,958",,,,,,,,
24/03/2023, $14.00 , $14.20 , $14.32 , $13.72 ,"12,749,223",,,,,,,,
27/03/2023, $14.34 , $14.13 , $14.51 , $14.13 ,"10,588,685",,,,,,,,
28/03/2023, $14.48 , $14.35 , $14.58 , $14.33 ,"11,189,076",,,,,,,,
29/03/2023, $14.66 , $14.65 , $14.72 , $14.39 ,"12,433,689",,,,,,,,
30/03/2023, $14.85 , $14.93 , $15.04 , $14.76 ,"12,707,505",,,,,,,,
31/03/2023, $15.10 , $14.90 , $15.12 , $14.85 ,"17,309,359",,,,,,,,
03/04/2023, $14.81 , $15.01 , $15.20 , $14.67 ,"16,566,313",,,,,,,,
04/04/2023, $15.15 , $15.00 , $15.18 , $14.80 ,"15,755,029",,,,,,,,
05/04/2023, $14.79 , $14.99 , $15.01 , $14.66 ,"14,871,908",,,,,,,,
06/04/2023, $15.11 , $14.70 , $15.24 , $14.41 ,"21,833,891",,,,,,,,
10/04/2023, $15.40 , $15.01 , $15.52 , $14.96 ,"15,878,276",,,,,,,,
11/04/2023, $14.93 , $15.50 , $15.56 , $14.86 ,"19,676,851",,,,,,,,
12/04/2023, $14.06 , $15.07 , $15.14 , $13.97 ,"26,222,869",,,,,,,,
13/04/2023, $14.04 , $14.11 , $14.48 , $13.73 ,"36,540,474",,,,,,,,
14/04/2023, $13.78 , $14.10 , $14.28 , $13.56 ,"16,783,357",,,,,,,,
17/04/2023, $14.53 , $13.82 , $14.54 , $13.76 ,"18,793,017",,,,,,,,
18/04/2023, $14.27 , $14.59 , $14.68 , $14.13 ,"13,688,781",,,,,,,,
19/04/2023, $14.29 , $14.10 , $14.35 , $13.83 ,"12,505,904",,,,,,,,
20/04/2023, $13.83 , $14.04 , $14.17 , $13.69 ,"15,925,566",,,,,,,,
21/04/2023, $13.58 , $13.73 , $13.88 , $13.46 ,"16,059,152",,,,,,,,
24/04/2023, $13.36 , $13.63 , $13.73 , $13.20 ,"16,336,587",,,,,,,,
25/04/2023, $12.81 , $13.19 , $13.29 , $12.76 ,"18,570,554",,,,,,,,
26/04/2023, $12.58 , $12.80 , $13.00 , $12.54 ,"14,264,437",,,,,,,,
27/04/2023, $13.09 , $12.75 , $13.16 , $12.61 ,"19,979,550",,,,,,,,
28/04/2023, $13.61 , $13.07 , $13.74 , $12.92 ,"16,862,957",,,,,,,,
01/05/2023, $13.29 , $13.58 , $13.70 , $13.24 ,"13,721,728",,,,,,,,
02/05/2023, $12.69 , $13.15 , $13.21 , $12.65 ,"15,663,760",,,,,,,,
03/05/2023, $12.83 , $12.80 , $13.13 , $12.75 ,"15,265,737",,,,,,,,
04/05/2023, $12.33 , $12.43 , $12.52 , $12.05 ,"32,200,580",,,,,,,,
05/05/2023, $12.89 , $11.81 , $12.96 , $11.63 ,"43,789,084",,,,,,,,
08/05/2023, $13.46 , $13.00 , $13.55 , $12.80 ,"20,909,488",,,,,,,,
09/05/2023, $13.41 , $13.31 , $13.50 , $13.25 ,"20,611,211",,,,,,,,
10/05/2023, $13.04 , $13.55 , $13.56 , $12.69 ,"21,789,970",,,,,,,,
11/05/2023, $12.38 , $12.82 , $12.88 , $12.34 ,"20,095,167",,,,,,,,
12/05/2023, $12.51 , $12.38 , $12.63 , $12.25 ,"18,621,011",,,,,,,,
15/05/2023, $12.81 , $12.62 , $12.82 , $12.46 ,"13,879,675",,,,,,,,
16/05/2023, $12.15 , $12.78 , $12.82 , $12.09 ,"20,245,985",,,,,,,,
17/05/2023, $12.51 , $12.29 , $12.68 , $12.18 ,"15,072,154",,,,,,,,
18/05/2023, $12.40 , $12.51 , $12.58 , $12.19 ,"16,779,297",,,,,,,,
19/05/2023, $12.20 , $12.40 , $12.46 , $12.16 ,"13,198,851",,,,,,,,
22/05/2023, $12.16 , $12.22 , $12.32 , $11.97 ,"15,849,954",,,,,,,,
23/05/2023, $11.69 , $12.13 , $12.24 , $11.66 ,"20,315,273",,,,,,,,
24/05/2023, $11.66 , $11.70 , $11.90 , $11.37 ,"17,325,008",,,,,,,,
25/05/2023, $11.09 , $11.57 , $11.57 , $11.04 ,"21,466,780",,,,,,,,
26/05/2023, $11.44 , $11.17 , $11.49 , $11.01 ,"21,300,351",,,,,,,,
30/05/2023, $11.30 , $11.50 , $11.57 , $11.13 ,"19,895,224",,,,,,,,
31/05/2023, $11.28 , $11.34 , $11.52 , $11.22 ,"35,876,744",,,,,,,,
01/06/2023, $11.35 , $11.30 , $11.61 , $10.90 ,"20,502,993",,,,,,,,
02/06/2023, $11.75 , $11.53 , $11.85 , $11.44 ,"19,218,580",,,,,,,,
05/06/2023, $11.63 , $11.75 , $11.88 , $11.47 ,"15,053,800",,,,,,,,
06/06/2023, $12.10 , $11.54 , $12.20 , $11.54 ,"18,359,783",,,,,,,,
07/06/2023, $13.12 , $12.12 , $13.34 , $12.12 ,"47,243,074",,,,,,,,
08/06/2023, $14.02 , $13.12 , $14.21 , $13.09 ,"43,180,978",,,,,,,,
09/06/2023, $13.84 , $14.11 , $14.17 , $13.60 ,"25,206,138",,,,,,,,
12/06/2023, $13.97 , $13.92 , $14.23 , $13.81 ,"16,929,078",,,,,,,,
13/06/2023, $13.79 , $14.12 , $14.48 , $13.75 ,"19,999,549",,,,,,,,
14/06/2023, $13.67 , $13.85 , $14.14 , $13.50 ,"26,279,978",,,,,,,,
15/06/2023, $13.13 , $13.61 , $13.62 , $12.85 ,"43,427,088",,,,,,,,
16/06/2023, $12.80 , $13.09 , $13.11 , $12.58 ,"46,121,367",,,,,,,,
20/06/2023, $12.19 , $12.65 , $12.74 , $12.15 ,"30,172,592",,,,,,,,
21/06/2023, $12.37 , $12.19 , $12.48 , $12.06 ,"27,539,213",,,,,,,,
22/06/2023, $12.09 , $12.37 , $12.41 , $12.02 ,"19,142,263",,,,,,,,
23/06/2023, $11.79 , $11.94 , $11.97 , $11.67 ,"57,397,632",,,,,,,,
26/06/2023, $11.78 , $11.79 , $12.00 , $11.60 ,"27,227,345",,,,,,,,
27/06/2023, $12.27 , $11.83 , $12.44 , $11.78 ,"31,123,876",,,,,,,,
28/06/2023, $12.45 , $12.27 , $12.50 , $12.13 ,"17,592,492",,,,,,,,
29/06/2023, $12.42 , $12.30 , $12.50 , $12.23 ,"13,587,781",,,,,,,,
30/06/2023, $12.54 , $12.53 , $12.58 , $12.41 ,"17,333,561",,,,,,,,
03/07/2023, $13.01 , $12.52 , $13.03 , $12.51 ,"11,593,058",,,,,,,,
05/07/2023, $12.83 , $12.87 , $13.04 , $12.54 ,"14,367,612",,,,,,,,
06/07/2023, $12.67 , $12.64 , $12.70 , $12.40 ,"14,082,487",,,,,,,,
07/07/2023, $12.54 , $12.25 , $12.82 , $12.25 ,"13,785,206",,,,,,,,
10/07/2023, $12.95 , $12.51 , $13.03 , $12.44 ,"15,047,925",,,,,,,,
11/07/2023, $13.30 , $12.94 , $13.34 , $12.92 ,"16,808,516",,,,,,,,
12/07/2023, $13.16 , $13.50 , $13.59 , $13.07 ,"14,585,581",,,,,,,,
13/07/2023, $13.10 , $13.23 , $13.27 , $12.55 ,"22,969,566",,,,,,,,
14/07/2023, $12.40 , $13.05 , $13.09 , $12.37 ,"18,790,457",,,,,,,,
17/07/2023, $12.31 , $12.36 , $12.36 , $12.14 ,"17,472,131",,,,,,,,
18/07/2023, $12.77 , $12.33 , $13.05 , $12.32 ,"20,815,487",,,,,,,,
19/07/2023, $13.28 , $12.84 , $13.36 , $12.83 ,"19,700,891",,,,,,,,
20/07/2023, $13.11 , $13.16 , $13.42 , $13.04 ,"15,620,932",,,,,,,,
21/07/2023, $12.93 , $13.24 , $13.40 , $12.87 ,"40,095,361",,,,,,,,
24/07/2023, $12.61 , $13.01 , $13.11 , $12.56 ,"16,756,289",,,,,,,,
25/07/2023, $12.53 , $12.58 , $12.79 , $12.42 ,"15,816,529",,,,,,,,
26/07/2023, $12.76 , $12.55 , $12.81 , $12.47 ,"12,544,464",,,,,,,,
27/07/2023, $12.29 , $13.00 , $13.02 , $12.24 ,"16,434,577",,,,,,,,
28/07/2023, $12.79 , $12.55 , $12.86 , $12.45 ,"16,138,252",,,,,,,,
31/07/2023, $13.07 , $12.86 , $13.26 , $12.82 ,"13,448,492",,,,,,,,
01/08/2023, $12.87 , $13.02 , $13.09 , $12.72 ,"12,676,646",,,,,,,,
02/08/2023, $12.55 , $12.70 , $12.80 , $12.46 ,"19,885,501",,,,,,,,
03/08/2023, $12.89 , $12.48 , $13.01 , $12.12 ,"34,187,577",,,,,,,,
04/08/2023, $13.97 , $12.94 , $14.04 , $12.76 ,"32,466,443",,,,,,,,
07/08/2023, $14.47 , $14.09 , $14.50 , $13.84 ,"29,361,171",,,,,,,,
08/08/2023, $14.42 , $14.30 , $14.50 , $13.75 ,"24,606,813",,,,,,,,
09/08/2023, $14.11 , $14.55 , $14.76 , $14.11 ,"16,817,286",,,,,,,,
10/08/2023, $14.12 , $14.28 , $14.52 , $14.07 ,"12,214,348",,,,,,,,
11/08/2023, $13.70 , $14.01 , $14.27 , $13.68 ,"11,566,377",,,,,,,,
14/08/2023, $13.53 , $13.55 , $13.81 , $13.42 ,"11,363,525",,,,,,,,
15/08/2023, $13.42 , $13.37 , $13.56 , $13.14 ,"8,989,493",,,,,,,,
16/08/2023, $13.19 , $13.26 , $13.47 , $13.15 ,"8,721,016",,,,,,,,
17/08/2023, $12.76 , $13.20 , $13.30 , $12.75 ,"14,732,761",,,,,,,,
18/08/2023, $12.78 , $12.64 , $12.83 , $12.53 ,"10,901,983",,,,,,,,
21/08/2023, $12.65 , $12.77 , $12.80 , $12.50 ,"10,927,770",,,,,,,,
22/08/2023, $12.54 , $12.63 , $12.79 , $12.46 ,"10,053,210",,,,,,,,
23/08/2023, $12.70 , $12.57 , $12.79 , $12.52 ,"8,524,251",,,,,,,,
24/08/2023, $12.70 , $12.63 , $12.83 , $12.48 ,"14,044,801",,,,,,,,
25/08/2023, $12.27 , $12.66 , $12.80 , $11.95 ,"18,873,992",,,,,,,,
28/08/2023, $12.79 , $12.31 , $12.80 , $12.31 ,"15,302,707",,,,,,,,
29/08/2023, $12.95 , $12.83 , $13.04 , $12.71 ,"11,313,289",,,,,,,,
30/08/2023, $13.11 , $12.97 , $13.13 , $12.88 ,"9,543,396",,,,,,,,
31/08/2023, $13.14 , $13.10 , $13.31 , $13.10 ,"13,170,182",,,,,,,,
01/09/2023, $11.56 , $12.78 , $12.84 , $11.34 ,"62,845,901",,,,,,,,
05/09/2023, $11.64 , $11.59 , $11.96 , $11.34 ,"25,835,263",,,,,,,,
06/09/2023, $11.49 , $11.53 , $11.58 , $11.10 ,"23,007,728",,,,,,,,
07/09/2023, $11.03 , $11.39 , $11.43 , $10.85 ,"28,265,648",,,,,,,,
08/09/2023, $11.32 , $11.08 , $11.40 , $11.00 ,"28,276,494",,,,,,,,
11/09/2023, $11.58 , $11.41 , $12.04 , $11.25 ,"37,363,023",,,,,,,,
12/09/2023, $11.33 , $11.72 , $11.85 , $11.28 ,"26,268,834",,,,,,,,
13/09/2023, $11.41 , $11.36 , $11.47 , $11.22 ,"12,547,096",,,,,,,,
14/09/2023, $11.73 , $11.61 , $11.77 , $11.42 ,"16,870,589",,,,,,,,
15/09/2023, $11.84 , $11.75 , $12.18 , $11.69 ,"30,316,113",,,,,,,,
18/09/2023, $11.66 , $11.88 , $11.96 , $11.57 ,"13,642,730",,,,,,,,
19/09/2023, $11.64 , $11.66 , $11.75 , $11.53 ,"10,709,591",,,,,,,,
20/09/2023, $11.50 , $11.68 , $11.83 , $11.49 ,"10,695,016",,,,,,,,
21/09/2023, $11.51 , $11.51 , $11.93 , $11.45 ,"17,361,479",,,,,,,,
22/09/2023, $11.10 , $11.51 , $11.61 , $11.01 ,"22,925,676",,,,,,,,
25/09/2023, $10.66 , $11.15 , $11.18 , $10.62 ,"22,405,085",,,,,,,,
26/09/2023, $10.69 , $10.57 , $10.81 , $10.43 ,"21,457,864",,,,,,,,
27/09/2023, $11.03 , $10.76 , $11.12 , $10.76 ,"20,955,284",,,,,,,,
28/09/2023, $10.69 , $11.08 , $11.10 , $10.66 ,"17,806,298",,,,,,,,
29/09/2023, $10.86 , $10.77 , $11.07 , $10.77 ,"19,127,098",,,,,,,,
02/10/2023, $10.51 , $10.80 , $10.89 , $10.34 ,"18,332,010",,,,,,,,
03/10/2023, $10.35 , $10.39 , $10.74 , $10.30 ,"20,757,065",,,,,,,,
04/10/2023, $10.29 , $10.38 , $10.40 , $9.99 ,"17,845,199",,,,,,,,
05/10/2023, $10.09 , $10.20 , $10.32 , $9.88 ,"22,760,338",,,,,,,,
06/10/2023, $10.28 , $10.00 , $10.42 , $9.95 ,"21,052,683",,,,,,,,
09/10/2023, $10.53 , $10.13 , $10.56 , $10.07 ,"15,518,571",,,,,,,,
10/10/2023, $10.67 , $10.55 , $10.77 , $10.44 ,"26,641,842",,,,,,,,
11/10/2023, $10.96 , $10.68 , $10.96 , $10.68 ,"18,216,204",,,,,,,,
12/10/2023, $10.32 , $10.96 , $10.99 , $10.26 ,"14,748,393",,,,,,,,
13/10/2023, $10.37 , $10.29 , $10.45 , $10.15 ,"15,410,981",,,,,,,,
16/10/2023, $10.90 , $10.45 , $10.96 , $10.30 ,"17,824,325",,,,,,,,
17/10/2023, $10.92 , $10.82 , $11.04 , $10.79 ,"13,479,300",,,,,,,,
18/10/2023, $10.58 , $10.79 , $10.85 , $10.56 ,"12,669,659",,,,,,,,
19/10/2023, $10.39 , $10.71 , $10.76 , $10.33 ,"14,654,954",,,,,,,,
20/10/2023, $10.33 , $10.39 , $10.61 , $10.26 ,"14,212,214",,,,,,,,
23/10/2023, $10.14 , $10.26 , $10.41 , $10.11 ,"14,015,230",,,,,,,,
24/10/2023, $10.08 , $10.19 , $10.48 , $10.05 ,"17,892,676",,,,,,,,
25/10/2023, $9.73 , $10.01 , $10.18 , $9.72 ,"32,193,681",,,,,,,,
26/10/2023, $9.80 , $9.70 , $9.97 , $9.58 ,"18,682,712",,,,,,,,
27/10/2023, $9.55 , $9.80 , $9.91 , $9.53 ,"15,161,986",,,,,,,,
30/10/2023, $9.85 , $9.65 , $9.97 , $9.63 ,"18,128,400",,,,,,,,
31/10/2023, $9.94 , $9.89 , $10.11 , $9.80 ,"23,004,228",,,,,,,,
01/11/2023, $10.08 , $9.97 , $10.21 , $9.84 ,"20,037,548",,,,,,,,
02/11/2023, $11.08 , $10.28 , $11.10 , $10.25 ,"29,635,195",,,,,,,,
03/11/2023, $11.77 , $11.40 , $11.88 , $11.38 ,"25,064,608",,,,,,,,
06/11/2023, $11.45 , $11.61 , $11.77 , $11.25 ,"20,804,791",,,,,,,,
07/11/2023, $11.61 , $11.45 , $11.71 , $11.35 ,"24,405,125",,,,,,,,
08/11/2023, $9.40 , $10.19 , $10.33 , $9.38 ,"80,193,407",,,,,,,,
09/11/2023, $9.64 , $9.67 , $9.83 , $9.27 ,"39,753,878",,,,,,,,
10/11/2023, $10.13 , $9.68 , $10.20 , $9.60 ,"34,529,434",,,,,,,,
13/11/2023, $9.89 , $10.01 , $10.07 , $9.63 ,"18,631,307",,,,,,,,
14/11/2023, $10.44 , $10.29 , $10.85 , $10.27 ,"27,971,282",,,,,,,,
15/11/2023, $10.56 , $10.44 , $10.64 , $10.38 ,"21,896,945",,,,,,,,
16/11/2023, $10.32 , $10.54 , $10.65 , $9.97 ,"21,984,293",,,,,,,,
17/11/2023, $10.71 , $10.44 , $10.78 , $10.28 ,"18,723,214",,,,,,,,
20/11/2023, $10.74 , $10.78 , $10.83 , $10.54 ,"18,734,402",,,,,,,,
21/11/2023, $10.58 , $10.59 , $10.68 , $10.48 ,"10,220,088",,,,,,,,
22/11/2023, $10.66 , $10.67 , $10.75 , $10.60 ,"12,171,343",,,,,,,,
24/11/2023, $10.85 , $10.62 , $10.95 , $10.61 ,"6,786,104",,,,,,,,
27/11/2023, $10.78 , $10.76 , $10.94 , $10.69 ,"17,049,576",,,,,,,,
28/11/2023, $10.62 , $10.73 , $10.79 , $10.50 ,"32,676,736",,,,,,,,
29/11/2023, $10.78 , $10.72 , $10.91 , $10.55 ,"24,145,047",,,,,,,,
30/11/2023, $10.45 , $10.77 , $10.83 , $10.38 ,"27,490,105",,,,,,,,
01/12/2023, $11.33 , $10.48 , $11.52 , $10.36 ,"32,077,857",,,,,,,,
04/12/2023, $11.39 , $11.24 , $11.44 , $11.16 ,"20,425,180",,,,,,,,
05/12/2023, $10.87 , $11.23 , $11.31 , $10.78 ,"19,524,292",,,,,,,,
06/12/2023, $10.92 , $11.03 , $11.28 , $10.89 ,"15,783,119",,,,,,,,
07/12/2023, $10.82 , $10.95 , $11.09 , $10.73 ,"17,099,956",,,,,,,,
08/12/2023, $11.47 , $11.00 , $11.68 , $11.00 ,"27,965,577",,,,,,,,
11/12/2023, $11.43 , $11.62 , $11.74 , $11.14 ,"21,970,777",,,,,,,,
12/12/2023, $11.23 , $11.45 , $11.48 , $11.15 ,"16,669,431",,,,,,,,
13/12/2023, $11.88 , $11.16 , $11.89 , $11.06 ,"23,694,225",,,,,,,,
14/12/2023, $12.49 , $12.11 , $12.70 , $12.08 ,"35,317,286",,,,,,,,
15/12/2023, $12.26 , $12.53 , $12.68 , $12.18 ,"43,112,685",,,,,,,,
18/12/2023, $11.97 , $12.32 , $12.34 , $11.94 ,"19,202,840",,,,,,,,
19/12/2023, $12.36 , $11.94 , $12.44 , $11.94 ,"17,263,389",,,,,,,,
20/12/2023, $11.66 , $12.32 , $12.57 , $11.49 ,"36,623,043",,,,,,,,
21/12/2023, $11.49 , $11.81 , $11.84 , $10.92 ,"46,101,302",,,,,,,,
22/12/2023, $11.27 , $11.50 , $11.63 , $11.21 ,"21,560,812",,,,,,,,
26/12/2023, $11.50 , $11.27 , $11.56 , $11.17 ,"17,934,477",,,,,,,,
27/12/2023, $11.49 , $11.47 , $11.56 , $11.29 ,"20,714,222",,,,,,,,
28/12/2023, $11.69 , $11.44 , $11.74 , $11.43 ,"16,578,630",,,,,,,,
29/12/2023, $11.38 , $11.55 , $11.66 , $11.33 ,"20,267,524",,,,,,,,
02/01/2024, $11.66 , $11.32 , $12.00 , $11.27 ,"26,264,979",,,,,,,,
03/01/2024, $11.30 , $11.48 , $11.56 , $11.18 ,"20,179,621",,,,,,,,
04/01/2024, $11.35 , $11.31 , $11.39 , $11.18 ,"19,777,834",,,,,,,,
05/01/2024, $11.20 , $11.27 , $11.53 , $11.12 ,"20,257,306",,,,,,,,
08/01/2024, $11.40 , $11.22 , $11.49 , $11.15 ,"17,424,173",,,,,,,,
09/01/2024, $11.03 , $11.23 , $11.26 , $10.97 ,"20,173,657",,,,,,,,
10/01/2024, $10.97 , $10.99 , $11.16 , $10.82 ,"16,741,464",,,,,,,,
11/01/2024, $10.54 , $10.76 , $10.76 , $10.42 ,"22,352,748",,,,,,,,
12/01/2024, $10.65 , $10.67 , $10.74 , $10.48 ,"16,865,542",,,,,,,,
16/01/2024, $10.35 , $10.52 , $10.57 , $10.28 ,"15,792,575",,,,,,,,
17/01/2024, $10.16 , $10.11 , $10.27 , $10.05 ,"15,385,294",,,,,,,,
18/01/2024, $10.28 , $10.18 , $10.32 , $10.18 ,"13,386,588",,,,,,,,
19/01/2024, $10.35 , $10.29 , $10.37 , $10.01 ,"18,340,264",,,,,,,,
22/01/2024, $10.47 , $10.38 , $10.66 , $10.34 ,"14,255,209",,,,,,,,
23/01/2024, $10.54 , $10.65 , $10.73 , $10.44 ,"15,646,935",,,,,,,,
24/01/2024, $10.41 , $10.72 , $10.75 , $10.35 ,"15,861,459",,,,,,,,
25/01/2024, $10.58 , $10.60 , $10.87 , $10.39 ,"21,361,946",,,,,,,,
26/01/2024, $10.62 , $10.59 , $10.66 , $10.47 ,"12,071,894",,,,,,,,
29/01/2024, $10.49 , $10.39 , $10.50 , $10.25 ,"24,543,797",,,,,,,,
30/01/2024, $10.10 , $10.40 , $10.43 , $10.05 ,"23,542,231",,,,,,,,
31/01/2024, $10.02 , $10.23 , $10.40 , $10.02 ,"26,018,369",,,,,,,,
01/02/2024, $10.46 , $10.06 , $10.51 , $10.05 ,"41,932,271",,,,,,,,
02/02/2024, $10.25 , $10.37 , $10.37 , $10.13 ,"16,110,550",,,,,,,,
05/02/2024, $10.07 , $10.13 , $10.20 , $10.00 ,"15,338,405",,,,,,,,
06/02/2024, $10.07 , $10.06 , $10.25 , $10.01 ,"14,314,985",,,,,,,,
07/02/2024, $9.75 , $10.35 , $10.35 , $9.63 ,"33,500,247",,,,,,,,
08/02/2024, $9.83 , $9.87 , $9.97 , $9.65 ,"19,677,386",,,,,,,,
09/02/2024, $9.64 , $9.83 , $9.89 , $9.57 ,"22,852,521",,,,,,,,
12/02/2024, $9.96 , $9.59 , $10.03 , $9.56 ,"23,498,450",,,,,,,,
13/02/2024, $9.54 , $9.68 , $9.74 , $9.43 ,"24,024,678",,,,,,,,
14/02/2024, $9.73 , $9.68 , $9.79 , $9.56 ,"27,908,431",,,,,,,,
15/02/2024, $10.14 , $9.73 , $10.15 , $9.72 ,"26,449,461",,,,,,,,
16/02/2024, $9.83 , $10.02 , $10.12 , $9.81 ,"19,863,429",,,,,,,,
20/02/2024, $9.89 , $9.76 , $10.05 , $9.72 ,"24,259,548",,,,,,,,
21/02/2024, $9.57 , $9.93 , $9.95 , $9.53 ,"26,018,096",,,,,,,,
22/02/2024, $9.56 , $9.66 , $9.67 , $9.51 ,"31,559,696",,,,,,,,
23/02/2024, $8.61 , $8.65 , $8.75 , $8.25 ,"98,206,933",,,,,,,,
26/02/2024, $8.55 , $8.78 , $8.86 , $8.43 ,"35,389,799",,,,,,,,
27/02/2024, $8.70 , $8.59 , $8.75 , $8.45 ,"31,750,924",,,,,,,,
28/02/2024, $8.71 , $8.55 , $8.73 , $8.47 ,"29,823,494",,,,,,,,
29/02/2024, $8.79 , $8.82 , $8.98 , $8.67 ,"40,314,670",,,,,,,,
01/03/2024, $8.67 , $8.80 , $8.84 , $8.63 ,"28,596,256",,,,,,,,
04/03/2024, $8.11 , $8.60 , $8.62 , $8.10 ,"52,169,563",,,,,,,,
05/03/2024, $8.14 , $8.06 , $8.31 , $8.02 ,"33,736,427",,,,,,,,
06/03/2024, $8.41 , $8.22 , $8.46 , $8.17 ,"33,233,567",,,,,,,,
07/03/2024, $8.74 , $8.46 , $8.77 , $8.45 ,"33,243,196",,,,,,,,
08/03/2024, $8.73 , $8.77 , $8.83 , $8.65 ,"19,626,485",,,,,,,,
11/03/2024, $9.07 , $8.76 , $9.25 , $8.70 ,"36,080,210",,,,,,,,
12/03/2024, $8.86 , $9.17 , $9.28 , $8.82 ,"26,350,753",,,,,,,,
13/03/2024, $8.85 , $8.89 , $9.04 , $8.82 ,"20,397,035",,,,,,,,
14/03/2024, $8.53 , $8.80 , $8.85 , $8.41 ,"26,471,595",,,,,,,,
15/03/2024, $8.54 , $8.53 , $8.67 , $8.51 ,"50,377,884",,,,,,,,
18/03/2024, $8.48 , $8.60 , $8.60 , $8.39 ,"29,617,536",,,,,,,,
19/03/2024, $8.50 , $8.44 , $8.53 , $8.40 ,"18,367,257",,,,,,,,
20/03/2024, $8.74 , $8.44 , $8.80 , $8.41 ,"23,341,885",,,,,,,,
21/03/2024, $8.72 , $8.91 , $9.05 , $8.71 ,"46,855,560",,,,,,,,
22/03/2024, $8.44 , $8.72 , $8.77 , $8.44 ,"28,546,181",,,,,,,,
25/03/2024, $8.46 , $8.50 , $8.52 , $8.35 ,"28,115,565",,,,,,,,
26/03/2024, $8.38 , $8.51 , $8.53 , $8.27 ,"26,997,404",,,,,,,,
27/03/2024, $8.64 , $8.43 , $8.66 , $8.43 ,"27,785,030",,,,,,,,
28/03/2024, $8.73 , $8.66 , $8.77 , $8.63 ,"17,557,512",,,,,,,,
01/04/2024, $8.79 , $8.80 , $8.80 , $8.60 ,"23,075,981",,,,,,,,
02/04/2024, $8.48 , $8.58 , $8.68 , $8.37 ,"24,729,651",,,,,,,,
03/04/2024, $8.73 , $8.52 , $8.78 , $8.41 ,"31,416,526",,,,,,,,
04/04/2024, $8.44 , $8.73 , $8.85 , $8.43 ,"28,770,220",,,,,,,,
05/04/2024, $8.32 , $8.40 , $8.48 , $8.16 ,"35,236,547",,,,,,,,
08/04/2024, $8.52 , $8.31 , $8.57 , $8.27 ,"29,683,568",,,,,,,,
09/04/2024, $8.69 , $8.52 , $8.84 , $8.51 ,"26,280,081",,,,,,,,
10/04/2024, $8.32 , $8.48 , $8.52 , $8.22 ,"36,508,946",,,,,,,,
11/04/2024, $8.54 , $8.37 , $8.58 , $8.21 ,"36,373,410",,,,,,,,
12/04/2024, $8.34 , $8.43 , $8.50 , $8.32 ,"23,431,154",,,,,,,,
15/04/2024, $8.36 , $8.38 , $8.52 , $8.35 ,"27,258,898",,,,,,,,
16/04/2024, $8.14 , $8.33 , $8.34 , $8.06 ,"33,900,580",,,,,,,,
17/04/2024, $8.23 , $8.23 , $8.35 , $8.17 ,"19,760,845",,,,,,,,
18/04/2024, $8.31 , $8.25 , $8.39 , $8.19 ,"22,111,487",,,,,,,,
19/04/2024, $8.40 , $8.33 , $8.50 , $8.29 ,"26,352,808",,,,,,,,
22/04/2024, $8.47 , $8.44 , $8.49 , $8.31 ,"16,314,421",,,,,,,,
23/04/2024, $8.44 , $8.32 , $8.63 , $8.27 ,"25,151,137",,,,,,,,
24/04/2024, $8.38 , $8.35 , $8.40 , $8.26 ,"20,324,163",,,,,,,,
25/04/2024, $8.29 , $8.28 , $8.34 , $8.12 ,"24,682,142",,,,,,,,
26/04/2024, $8.11 , $8.19 , $8.20 , $8.06 ,"19,754,363",,,,,,,,
29/04/2024, $8.15 , $8.18 , $8.30 , $8.11 ,"17,655,387",,,,,,,,
30/04/2024, $7.36 , $8.07 , $8.12 , $7.35 ,"83,395,813",,,,,,,,
01/05/2024, $7.62 , $7.35 , $7.81 , $7.34 ,"43,588,109",,,,,,,,
02/05/2024, $7.95 , $7.67 , $8.01 , $7.65 ,"36,795,747",,,,,,,,
03/05/2024, $7.97 , $7.99 , $8.28 , $7.91 ,"35,712,311",,,,,,,,
06/05/2024, $7.96 , $8.07 , $8.08 , $7.91 ,"29,714,170",,,,,,,,
07/05/2024, $7.77 , $7.95 , $8.04 , $7.76 ,"25,168,883",,,,,,,,
08/05/2024, $7.80 , $7.72 , $7.93 , $7.61 ,"30,591,532",,,,,,,,
09/05/2024, $8.04 , $7.57 , $8.07 , $7.51 ,"52,041,434",,,,,,,,
10/05/2024, $8.15 , $8.15 , $8.40 , $8.09 ,"35,600,500",,,,,,,,
13/05/2024, $8.38 , $8.30 , $8.59 , $8.25 ,"28,369,385",,,,,,,,
14/05/2024, $8.56 , $8.49 , $8.68 , $8.44 ,"30,873,736",,,,,,,,
15/05/2024, $8.20 , $8.69 , $8.70 , $8.15 ,"33,133,107",,,,,,,,
16/05/2024, $8.23 , $8.24 , $8.29 , $8.00 ,"25,945,216",,,,,,,,
17/05/2024, $8.05 , $8.22 , $8.22 , $8.02 ,"21,230,745",,,,,,,,
20/05/2024, $8.09 , $8.05 , $8.12 , $7.99 ,"18,270,909",,,,,,,,
21/05/2024, $7.89 , $8.09 , $8.11 , $7.88 ,"37,074,630",,,,,,,,
22/05/2024, $8.06 , $7.87 , $8.08 , $7.75 ,"36,801,040",,,,,,,,
23/05/2024, $7.70 , $8.06 , $8.07 , $7.68 ,"37,917,218",,,,,,,,
24/05/2024, $7.73 , $7.74 , $7.78 , $7.63 ,"23,370,921",,,,,,,,
28/05/2024, $7.87 , $7.73 , $7.91 , $7.64 ,"29,957,459",,,,,,,,
29/05/2024, $7.66 , $7.75 , $7.87 , $7.62 ,"21,184,544",,,,,,,,
30/05/2024, $8.08 , $7.69 , $8.13 , $7.61 ,"40,553,599",,,,,,,,
31/05/2024, $8.24 , $8.16 , $8.58 , $8.11 ,"60,338,297",,,,,,,,
03/06/2024, $8.33 , $8.46 , $8.55 , $8.22 ,"23,507,776",,,,,,,,
04/06/2024, $8.24 , $8.29 , $8.38 , $8.18 ,"21,686,045",,,,,,,,
05/06/2024, $8.30 , $8.27 , $8.37 , $8.08 ,"23,190,407",,,,,,,,
06/06/2024, $8.34 , $8.24 , $8.58 , $8.17 ,"29,863,411",,,,,,,,
07/06/2024, $8.27 , $8.22 , $8.33 , $8.16 ,"14,029,031",,,,,,,,
10/06/2024, $8.12 , $8.20 , $8.26 , $8.05 ,"15,619,043",,,,,,,,
11/06/2024, $8.04 , $8.06 , $8.19 , $7.97 ,"20,703,131",,,,,,,,
12/06/2024, $7.81 , $8.18 , $8.27 , $7.75 ,"28,802,980",,,,,,,,
13/06/2024, $7.29 , $7.77 , $7.79 , $7.27 ,"48,602,099",,,,,,,,
14/06/2024, $7.24 , $7.29 , $7.39 , $7.21 ,"22,879,072",,,,,,,,
